<addon id="plugin.program.SMASHWizard" name="[COLOR gold][B]S[/B][/COLOR][COLOR indigo][B]M[/B][/COLOR][COLOR gold][B]A[/B][/COLOR][COLOR indigo][B]S[/B][/COLOR][COLOR gold][B]H[/B][/COLOR] [COLOR ghostwhite]Wizard[/COLOR]" version="1.2.8" provider-name="SMASH">
  <requires>
    <import addon="xbmc.python" version="2.1.0"/>
  </requires>
  <extension point="xbmc.python.pluginsource" library="default.py">
    <provides>executable</provides>
  </extension>
  <extension point="xbmc.service" library="startup.py" start="startup" />
  <extension point="xbmc.addon.metadata">
    <summary lang="en">SMASH Wizard</summary>
    <description lang="en">SMASH Wizard will allow you to Kodi/Install Build/Install Apkz And More</description>
    <platform>all</platform>
	<news>Thanks To Aftermath For The Base Of The Wizard You Did A Great Job, I Have Made Some Great Changes And More To Come</news>
  </extension>
</addon>